round,date,home_team,away_team,home_score,away_score,home_total_shots,away_total_shots,home_shots_on_target,away_shots_on_target,home_shots_off_target,away_shots_off_target,home_possession,away_possession,home_total_passes,away_total_passes,home_pass_accuracy,away_pass_accuracy,home_fouls,away_fouls,home_yellow_cards,away_yellow_cards,home_red_cards,away_red_cards,home_corner_kicks,away_corner_kicks,home_offsides,away_offsides,source
1,2023-05-01,Cruzeiro,Juventude,1,0,18,7,6,2,12,5,69.37636842433147,30.623631575668526,507,396,77.05932451571924,88.86566337097696,14,10,1,2,0,0,1,5,3,2,Generated
1,2023-05-01,São Paulo,Atlético-MG,0,3,20,16,7,6,13,10,59.31127601947149,40.68872398052851,586,482,81.34026918765764,84.31001530072294,5,9,2,2,0,1,5,5,2,3,Generated
1,2023-05-01,Corinthians,Fortaleza,0,2,17,12,6,4,11,8,57.01447412643939,42.98552587356061,454,404,87.75243639497893,73.01135210560216,12,14,1,2,0,0,4,1,1,2,Generated
1,2023-05-01,Cuiabá,Flamengo,1,1,10,12,2,3,8,9,43.814053084928496,56.185946915071504,466,507,82.4295587184418,71.07515478055919,11,12,0,1,0,0,8,8,2,1,Generated
1,2023-05-01,Criciúma,Atlético-GO,1,0,13,14,4,4,9,10,36.53841495863044,63.46158504136956,492,401,76.08361739797317,73.93362026949131,12,19,0,4,0,0,7,6,2,2,Generated
1,2023-05-01,Bahia,Fluminense,1,2,23,15,6,7,17,8,58.37017143488856,41.62982856511144,466,376,73.06718956170022,82.77985707687533,10,16,0,0,0,0,8,3,4,2,Generated
1,2023-05-01,Grêmio,Botafogo,1,0,18,12,7,5,11,7,65.76103496057891,34.23896503942109,500,401,83.86139218753823,73.82455370079111,13,11,1,0,0,0,5,4,1,0,Generated
1,2023-05-01,EC Vitória,Atlético-PR,1,3,13,13,4,3,9,10,48.839342962361584,51.160657037638416,500,413,78.62291321126507,72.4010106524836,8,12,4,1,0,0,6,3,4,1,Generated
1,2023-05-01,Bragantino,Internacional,5,1,9,8,4,3,5,5,64.31434520555507,35.68565479444493,524,477,73.91599787212733,77.85323266200135,10,14,1,3,0,0,6,6,2,0,Generated
1,2023-05-01,Vasco da Gama,Palmeiras,3,2,9,16,4,3,5,13,34.508267637872294,65.4917323621277,496,483,85.41031613578673,82.54328746452192,11,16,6,2,1,0,4,3,4,3,Generated
2,2023-05-08,Cruzeiro,Bragantino,0,1,13,10,5,2,8,8,49.550473900278305,50.449526099721695,468,392,71.7280346722704,76.07396636046391,17,10,2,1,0,0,4,6,2,0,Generated
2,2023-05-08,Botafogo,EC Vitória,1,1,15,11,4,3,11,8,65.34092452579512,34.65907547420488,492,382,78.56550129542303,82.17690354781445,13,10,0,0,0,0,5,4,1,0,Generated
2,2023-05-08,Atlético-MG,Grêmio,2,2,18,10,8,2,10,8,41.81900724923081,58.18099275076919,561,384,85.02157634951753,72.97647183863639,12,12,4,5,0,0,8,5,2,1,Generated
2,2023-05-08,Bahia,Vasco da Gama,1,2,14,14,3,3,11,11,58.759050967852495,41.240949032147505,480,421,77.54708158635296,71.42827348556914,10,11,1,1,2,0,5,6,1,2,Generated
2,2023-05-08,Atlético-PR,Palmeiras,3,2,14,8,6,2,8,6,50.60305980800772,49.39694019199228,474,477,88.76908462947645,84.1366593303228,14,9,1,2,1,0,9,3,2,1,Generated
2,2023-05-08,Fluminense,Flamengo,1,1,28,7,9,2,19,5,50.64668839458122,49.35331160541878,476,478,89.18133812025178,79.84725802957772,13,10,1,2,0,2,6,10,0,2,Generated
2,2023-05-08,Internacional,Atlético-GO,1,0,20,11,9,3,11,8,39.835365786644346,60.164634213355654,592,369,89.9575204209557,71.6037708083036,8,12,1,3,0,0,3,4,3,4,Generated
2,2023-05-08,Corinthians,São Paulo,1,1,22,12,9,4,13,8,49.144378960831574,50.855621039168426,449,548,74.07567327571665,85.16237974076267,10,12,5,1,0,0,2,10,1,2,Generated
2,2023-05-08,Fortaleza,Cuiabá,0,0,15,6,7,1,8,5,66.71208638294635,33.28791361705365,472,430,72.95688824559825,85.32157213185958,8,10,0,0,0,1,7,4,3,2,Generated
2,2023-05-08,Criciúma,Juventude,3,2,9,7,3,3,6,4,52.49830747767307,47.50169252232693,536,414,82.4170773468364,72.71453268244426,13,9,1,0,0,0,4,4,5,3,Generated
3,2023-05-15,Criciúma,Fortaleza,1,2,19,13,6,6,13,7,39.87091054170815,60.12908945829185,470,415,81.6714523504206,81.02451072964595,12,16,2,0,0,0,8,7,1,3,Generated
3,2023-05-15,EC Vitória,Atlético-GO,2,1,18,11,8,3,10,8,62.71507628377241,37.28492371622759,503,376,79.49125755931765,79.3690493596155,15,10,1,0,0,0,2,7,1,1,Generated
3,2023-05-15,Cuiabá,Vasco da Gama,1,0,14,13,3,4,11,9,30.34343130462102,69.65656869537898,473,414,77.33955570788217,71.58808772078268,13,13,2,3,0,0,6,7,4,0,Generated
3,2023-05-15,Corinthians,Bragantino,4,4,14,6,3,2,11,4,33.53866829125459,66.4613317087454,454,387,86.32631359136136,71.39204908353311,11,13,1,5,0,0,7,8,0,3,Generated
3,2023-05-15,Atlético-PR,Grêmio,2,0,16,10,4,2,12,8,31.987372072715466,68.01262792728454,458,359,88.97198524419858,78.97949774502366,18,16,1,3,0,0,7,7,4,2,Generated
3,2023-05-15,Bahia,Palmeiras,2,0,16,16,3,4,13,12,48.22764763036907,51.77235236963093,528,481,70.16712362111755,82.2839561682843,6,9,1,1,0,0,5,3,1,1,Generated
3,2023-05-15,Flamengo,São Paulo,4,2,18,26,8,10,10,16,32.58188938591171,67.41811061408829,599,520,84.31315367482246,82.73727965930047,11,16,2,0,0,0,6,5,2,2,Generated
3,2023-05-15,Internacional,Atlético-MG,1,0,21,11,9,2,12,9,38.7649475167037,61.2350524832963,553,501,82.61410005614538,81.36054567039801,11,13,0,2,0,0,8,4,4,2,Generated
3,2023-05-15,Fluminense,Botafogo,2,0,9,13,3,3,6,10,34.29947126787537,65.70052873212464,498,413,79.46747738274931,89.5023549524727,14,10,4,2,0,0,7,5,2,4,Generated
3,2023-05-15,Juventude,Cruzeiro,2,0,15,12,4,4,11,8,64.88204972410847,35.11795027589153,480,369,79.27005976444468,74.50429175512424,7,7,1,7,0,0,1,4,1,0,Generated
4,2023-05-22,Juventude,Botafogo,3,0,13,19,6,7,7,12,35.922694089998046,64.07730591000195,529,389,88.36330011064648,72.60824146818544,11,12,2,0,0,0,8,2,2,1,Generated
4,2023-05-22,Fortaleza,Fluminense,1,1,8,11,1,3,7,8,62.59610830820371,37.40389169179629,488,383,85.5452537873536,70.55978560801353,11,16,0,1,0,0,0,3,4,1,Generated
4,2023-05-22,Bragantino,Criciúma,1,2,18,10,5,2,13,8,36.997386480641595,63.002613519358405,490,371,75.48203405271452,88.78888224672546,6,11,5,3,0,2,4,4,2,3,Generated
4,2023-05-22,Corinthians,EC Vitória,1,1,11,11,2,4,9,7,67.06714571098561,32.93285428901439,470,417,71.13336182707059,80.83175366548556,9,14,2,1,0,0,4,5,6,3,Generated
4,2023-05-22,São Paulo,Cuiabá,1,2,19,15,8,6,11,9,55.89401596714318,44.10598403285682,537,366,86.60910193877973,87.83210024569196,7,17,0,2,0,0,8,3,3,1,Generated
4,2023-05-22,Atlético-PR,Flamengo,2,1,17,17,3,3,14,14,47.62902856385476,52.37097143614524,453,461,81.13734101940548,89.29801653112571,14,9,2,1,0,0,8,5,1,3,Generated
4,2023-05-22,Atlético-GO,Cruzeiro,2,1,17,11,4,3,13,8,68.75175411946103,31.248245880538974,500,387,85.55413267643932,73.33149254282962,15,8,1,1,0,0,5,4,3,1,Generated
4,2023-05-22,Vasco da Gama,Internacional,1,1,7,19,3,6,4,13,67.59040054016995,32.40959945983005,524,450,80.74687897834262,82.68073662788674,8,8,2,4,0,0,4,6,0,5,Generated
4,2023-05-22,Bahia,Palmeiras,2,1,21,15,8,4,13,11,69.46914225318616,30.530857746813837,503,484,83.46457492088896,79.54152091013016,13,10,2,3,0,0,3,9,3,2,Generated
4,2023-05-22,Grêmio,Atlético-MG,0,1,16,19,7,6,9,13,33.79376309732965,66.20623690267035,455,477,70.75913077981112,89.55282908591346,10,10,0,2,0,0,4,8,4,0,Generated
5,2023-06-01,Palmeiras,São Paulo,1,2,23,16,4,6,19,10,41.22142622225009,58.77857377774991,572,472,84.94511858342734,89.04742645731842,18,9,2,1,1,0,1,5,2,0,Generated
5,2023-06-01,Criciúma,Fortaleza,2,0,13,14,2,3,11,11,67.47415708896762,32.525842911032385,457,399,87.6479950006162,73.00840974176815,11,13,2,0,0,0,4,9,1,1,Generated
5,2023-06-01,Atlético-GO,Cuiabá,0,0,14,15,4,5,10,10,60.97324948694184,39.02675051305816,457,396,84.06623486149108,78.81443339424247,15,19,3,3,1,1,3,4,0,1,Generated
5,2023-06-01,Bahia,Botafogo,1,1,22,10,8,4,14,6,50.24629976392707,49.75370023607293,423,396,73.58019633065729,77.53094707660641,11,14,0,2,0,0,5,8,3,1,Generated
5,2023-06-01,Fluminense,Flamengo,0,0,13,15,4,4,9,11,57.24551172745613,42.75448827254387,460,488,89.7628757493418,85.13428562025193,16,14,3,2,1,0,5,6,1,2,Generated
5,2023-06-01,Vasco da Gama,Grêmio,1,1,19,13,5,3,14,10,54.15047694936533,45.84952305063467,460,395,74.3982234709675,80.49334217226664,8,18,3,4,0,0,3,4,2,0,Generated
5,2023-06-01,Corinthians,Cruzeiro,2,1,18,17,8,8,10,9,36.83855987679437,63.16144012320563,465,390,74.92757399558216,74.75965828578029,11,12,1,1,0,0,4,11,3,2,Generated
5,2023-06-01,Internacional,EC Vitória,2,2,21,16,8,5,13,11,38.95839641685001,61.04160358314999,555,442,73.63832535863204,77.23781060760163,8,11,2,8,0,0,3,3,1,3,Generated
5,2023-06-01,Bragantino,Juventude,2,0,12,18,5,8,7,10,48.38721265132018,51.61278734867982,479,417,77.94627630120472,80.14610952993023,8,8,1,2,0,1,9,3,2,2,Generated
5,2023-06-01,Atlético-MG,Atlético-PR,1,1,21,11,5,2,16,9,51.88940654986051,48.11059345013949,569,404,74.88715310585555,88.82840892645964,11,20,4,3,0,0,6,11,4,3,Generated
6,2023-06-08,Atlético-GO,Flamengo,0,0,15,19,4,7,11,12,52.52813280769654,47.47186719230346,458,435,80.78509540506928,81.0045186805224,13,11,0,1,0,0,4,5,5,3,Generated
6,2023-06-08,Cruzeiro,Juventude,1,0,24,7,5,1,19,6,49.6270040695628,50.3729959304372,466,383,82.51320845798247,83.31740912502792,10,11,2,3,0,0,3,2,6,2,Generated
6,2023-06-08,São Paulo,Fluminense,4,0,15,19,4,8,11,11,39.41975072137734,60.58024927862266,561,390,82.6174485456517,76.95870934844248,9,8,5,3,0,0,3,7,4,1,Generated
6,2023-06-08,Criciúma,Fortaleza,1,1,19,8,6,2,13,6,42.2045907939535,57.7954092060465,493,399,70.26368420237802,75.24551777649158,18,12,3,1,0,0,4,6,5,2,Generated
6,2023-06-08,Bahia,Palmeiras,0,0,11,15,4,6,7,9,58.005743647578576,41.994256352421424,501,461,78.99062790573014,82.67220851139459,21,17,3,1,0,0,4,7,2,2,Generated
6,2023-06-08,Bragantino,Atlético-MG,0,0,16,13,7,3,9,10,52.16490313976183,47.83509686023817,471,483,70.20578275465651,70.88872688082186,8,14,3,2,0,0,7,0,2,1,Generated
6,2023-06-08,Botafogo,Grêmio,1,0,15,13,3,5,12,8,40.2040747994904,59.7959252005096,480,383,79.10134007840233,74.3935716835667,9,16,0,2,0,2,3,3,1,1,Generated
6,2023-06-08,Atlético-PR,Corinthians,2,1,10,10,4,3,6,7,40.50540832042084,59.49459167957916,496,406,76.62847409342771,78.50071797021933,12,12,3,2,0,0,4,6,0,3,Generated
6,2023-06-08,Vasco da Gama,Internacional,1,1,18,20,3,9,15,11,47.4416122046389,52.5583877953611,519,473,79.019183131545,72.87230087626885,14,12,0,4,0,0,4,5,1,3,Generated
6,2023-06-08,EC Vitória,Cuiabá,1,1,17,10,5,2,12,8,55.580723258740335,44.419276741259665,444,407,76.10531850819336,86.2507606037692,11,10,1,0,0,0,6,4,1,0,Generated
7,2023-06-15,Bragantino,Corinthians,1,1,17,13,4,3,13,10,34.146135563308604,65.8538644366914,478,380,84.46257831364069,82.58174093074216,13,6,1,3,0,0,6,3,1,1,Generated
7,2023-06-15,Bahia,Palmeiras,2,0,13,16,3,6,10,10,36.641631609714196,63.358368390285804,488,497,84.82651234249462,79.05304149261107,15,6,2,0,0,1,2,2,4,1,Generated
7,2023-06-15,Vasco da Gama,São Paulo,1,0,13,15,3,5,10,10,41.19991722511443,58.80008277488557,504,481,72.22330619494645,75.42408458944617,11,10,2,1,0,0,6,8,1,0,Generated
7,2023-06-15,Criciúma,Fluminense,0,1,18,15,5,7,13,8,68.61223085407315,31.387769145926853,471,386,75.39495973727207,74.06795807214436,14,15,2,2,0,0,4,6,1,2,Generated
7,2023-06-15,Internacional,Atlético-GO,5,1,11,11,4,5,7,6,66.03298910864726,33.96701089135274,529,379,76.1257636369152,82.59875594293138,10,20,1,2,0,0,8,4,2,4,Generated
7,2023-06-15,Botafogo,Flamengo,0,2,18,24,7,8,11,16,39.681143471539514,60.318856528460486,466,486,70.57913984684821,76.11780623789303,13,5,3,1,0,0,5,3,2,2,Generated
7,2023-06-15,Cuiabá,Cruzeiro,1,2,13,15,6,7,7,8,48.27463794332877,51.72536205667123,472,404,84.2096202322661,73.21358170248112,16,7,4,1,0,1,4,11,0,2,Generated
7,2023-06-15,Grêmio,EC Vitória,0,1,13,11,3,2,10,9,59.79908819579034,40.20091180420966,489,404,74.9835175090397,87.08058040005298,8,10,1,2,0,0,8,2,0,1,Generated
7,2023-06-15,Fortaleza,Juventude,0,0,14,12,5,2,9,10,63.01979230943786,36.98020769056214,469,398,86.3575267396681,72.14185792088145,15,15,0,3,0,0,5,1,1,0,Generated
7,2023-06-15,Atlético-PR,Atlético-MG,2,0,12,16,5,6,7,10,36.53426177048138,63.46573822951862,463,432,76.53584757949614,86.9556233199074,12,10,3,2,0,0,5,6,0,2,Generated
8,2023-06-22,Vasco da Gama,Internacional,2,1,8,9,2,1,6,8,67.3234718843039,32.6765281156961,446,476,76.4888851516198,88.53174078492017,18,6,2,2,1,0,3,6,2,4,Generated
8,2023-06-22,Corinthians,EC Vitória,0,0,19,19,7,8,12,11,43.85404695611687,56.14595304388313,462,401,75.974787514748,87.24237071506457,12,18,3,3,0,0,0,5,2,2,Generated
8,2023-06-22,Flamengo,Atlético-MG,1,1,20,14,5,6,15,8,39.57106352676834,60.42893647323166,571,511,71.03910156736657,81.30612852589633,12,11,5,1,0,0,7,4,1,3,Generated
8,2023-06-22,Criciúma,Bragantino,0,0,15,12,4,3,11,9,64.71294102732317,35.28705897267683,484,404,79.29737208478859,88.61911059688559,17,21,2,0,0,0,6,2,1,3,Generated
8,2023-06-22,Cuiabá,Fortaleza,0,1,14,15,6,6,8,9,30.859921440719482,69.14007855928051,494,438,73.70646140398311,84.12928203568823,8,13,3,1,0,0,3,6,0,2,Generated
8,2023-06-22,Juventude,Atlético-GO,0,0,23,15,4,3,19,12,65.20044654912687,34.799553450873134,499,378,70.44053704715442,88.46621131353258,14,10,4,2,0,0,5,5,0,0,Generated
8,2023-06-22,Palmeiras,São Paulo,2,1,9,15,4,6,5,9,47.41676727673992,52.58323272326008,531,495,74.02190678549141,70.43696301684568,15,6,3,0,0,0,9,4,0,1,Generated
8,2023-06-22,Grêmio,Fluminense,2,0,16,17,3,6,13,11,61.35289529560822,38.64710470439178,477,420,76.27578727031785,86.10413562379986,13,12,3,3,0,0,3,7,1,3,Generated
8,2023-06-22,Bahia,Atlético-PR,1,2,8,15,3,3,5,12,36.94906345711399,63.05093654288601,469,390,83.0790120720045,88.40343694279028,14,11,3,1,0,0,5,4,1,6,Generated
8,2023-06-22,Cruzeiro,Botafogo,1,0,19,8,5,2,14,6,48.69340575999886,51.30659424000114,446,397,86.95923301162185,81.41882980698108,7,6,3,5,0,0,7,8,2,3,Generated
9,2023-07-01,Flamengo,EC Vitória,6,2,18,13,8,3,10,10,54.55737341508983,45.44262658491017,551,406,73.41936260275406,89.38441402177723,15,11,1,2,0,0,8,6,1,4,Generated
9,2023-07-01,Palmeiras,Bragantino,4,1,13,14,5,6,8,8,49.86104460771328,50.13895539228672,527,384,89.41978956607034,87.57358659532444,12,7,1,1,0,1,3,3,1,1,Generated
9,2023-07-01,Atlético-MG,Vasco da Gama,0,2,11,10,4,2,7,8,40.48657419889125,59.51342580110875,553,394,88.81954647850225,76.04932074931634,21,12,2,1,0,0,7,5,2,2,Generated
9,2023-07-01,Atlético-PR,Atlético-GO,2,1,29,16,11,7,18,9,42.55538679320652,57.44461320679348,483,389,89.13458279873798,75.34870600910183,10,12,2,3,0,0,10,4,1,0,Generated
9,2023-07-01,Botafogo,Grêmio,0,1,16,16,5,6,11,10,66.31325918787648,33.68674081212352,457,417,83.00554313405934,70.05658026068497,16,12,6,1,0,0,6,7,1,2,Generated
9,2023-07-01,Corinthians,Internacional,3,0,11,17,4,6,7,11,46.141633294056135,53.858366705943865,469,454,88.38052924398295,71.98871993309739,10,17,3,1,0,0,8,6,6,1,Generated
9,2023-07-01,Cruzeiro,Fortaleza,1,1,8,18,2,8,6,10,52.48212730412364,47.51787269587636,483,368,82.01376335857852,85.59020989044026,15,13,2,0,0,0,9,4,3,0,Generated
9,2023-07-01,Juventude,Fluminense,1,1,14,13,4,6,10,7,37.20155081517028,62.79844918482972,491,385,89.86556752228226,89.28604073006807,11,8,4,4,0,0,6,7,1,2,Generated
9,2023-07-01,São Paulo,Cuiabá,4,2,19,11,7,4,12,7,57.79809588673881,42.20190411326119,584,369,76.38819714958461,71.14105560455477,9,21,3,2,0,0,5,1,3,4,Generated
9,2023-07-01,Criciúma,Bahia,0,2,17,14,7,6,10,8,52.809452038310695,47.190547961689305,455,386,89.14714988837365,86.82206391859688,13,9,4,3,1,0,7,6,1,1,Generated
10,2023-07-08,Vasco da Gama,Internacional,2,1,16,13,6,3,10,10,45.26941218704441,54.73058781295559,457,497,85.18904458502757,71.74015466928539,13,9,1,4,0,1,6,8,4,3,Generated
10,2023-07-08,Atlético-GO,Fortaleza,1,0,24,9,11,2,13,7,48.38608502658656,51.61391497341344,503,414,77.83856370505882,72.95045643022172,14,14,2,2,0,0,3,4,2,3,Generated
10,2023-07-08,EC Vitória,Juventude,2,1,21,15,7,7,14,8,31.412731504158053,68.58726849584195,477,389,84.56059994619527,72.14568688189648,15,16,4,3,0,0,3,6,0,3,Generated
10,2023-07-08,Fluminense,Bahia,1,4,12,9,2,3,10,6,65.62390584810706,34.37609415189294,501,434,79.76743828003345,70.37497623776603,12,9,2,3,0,0,5,8,3,0,Generated
10,2023-07-08,São Paulo,Cuiabá,2,1,20,13,4,4,16,9,49.459846589124936,50.540153410875064,544,420,74.86730366723592,85.8444557550642,14,11,2,1,0,0,4,8,5,4,Generated
10,2023-07-08,Bragantino,Grêmio,1,1,20,9,7,2,13,7,46.29466470088754,53.70533529911246,478,395,78.00291313930936,74.6616903846228,13,10,0,1,0,0,4,6,1,2,Generated
10,2023-07-08,Atlético-MG,Flamengo,1,0,22,14,10,2,12,12,59.15375386036044,40.84624613963956,534,470,74.79190618328057,84.70455220727945,12,6,0,0,0,0,8,7,2,0,Generated
10,2023-07-08,Corinthians,Atlético-PR,3,0,16,15,3,4,13,11,58.145718519420384,41.854281480579616,460,416,85.71040110150724,70.22555253877712,7,10,2,3,0,1,9,7,2,1,Generated
10,2023-07-08,Botafogo,Criciúma,1,0,14,14,3,6,11,8,47.32578694050704,52.67421305949296,464,372,86.21293061307664,86.44407454866679,10,14,3,6,0,0,8,5,1,3,Generated
10,2023-07-08,Palmeiras,Cruzeiro,1,2,15,11,3,4,12,7,36.25058995322475,63.74941004677525,560,403,81.33569704799457,83.70422811526629,12,18,1,3,0,0,4,5,0,1,Generated
11,2023-07-15,Internacional,Grêmio,4,1,21,13,8,4,13,9,67.11914541024957,32.88085458975043,492,407,84.20682113805071,85.70901172572725,12,11,4,4,0,0,5,3,1,4,Generated
11,2023-07-15,Fortaleza,Atlético-GO,1,2,15,14,4,3,11,11,34.94428198874472,65.05571801125528,462,401,71.67969131618395,72.02879119420668,19,8,1,4,0,0,7,5,1,2,Generated
11,2023-07-15,Palmeiras,Juventude,0,1,17,13,5,4,12,9,57.71288459841941,42.28711540158059,554,402,80.37426088246221,78.77346671372787,7,15,1,1,0,0,4,7,0,2,Generated
11,2023-07-15,EC Vitória,Atlético-MG,0,1,20,15,9,5,11,10,55.981461252832844,44.018538747167156,458,485,83.2481504490207,81.77924855932397,6,12,1,2,0,0,4,4,5,3,Generated
11,2023-07-15,Vasco da Gama,Flamengo,1,1,18,13,6,5,12,8,30.397922715395715,69.60207728460429,474,489,89.21350240988806,84.04324238925383,15,11,3,3,0,0,1,5,2,3,Generated
11,2023-07-15,Bahia,São Paulo,0,1,12,12,3,2,9,10,42.41668413123442,57.58331586876558,483,511,77.75813501535687,81.9104012886813,10,16,3,1,0,1,6,2,3,2,Generated
11,2023-07-15,Cruzeiro,Atlético-PR,1,0,21,7,6,1,15,6,50.99019053651439,49.00980946348561,509,417,81.09736367271779,82.02548899020684,9,6,1,2,0,0,3,5,0,2,Generated
11,2023-07-15,Cuiabá,Botafogo,2,2,13,12,4,2,9,10,47.31778531585604,52.68221468414396,490,392,70.23280087502575,76.03632196368424,15,11,3,0,0,1,5,5,0,1,Generated
11,2023-07-15,Criciúma,Bragantino,0,0,13,9,5,3,8,6,53.733055324234286,46.266944675765714,495,416,81.01266257954954,82.58004880847952,12,9,2,3,1,0,4,7,2,5,Generated
11,2023-07-15,Corinthians,Fluminense,1,0,16,11,6,3,10,8,59.9333501429779,40.0666498570221,468,392,88.87881408710172,74.12961420110342,20,14,0,1,0,0,4,2,2,3,Generated
12,2023-07-22,Fluminense,Cruzeiro,1,1,18,9,3,2,15,7,47.84666626421601,52.15333373578399,495,428,81.67127450484804,85.1415036089762,14,7,1,2,1,0,5,7,1,1,Generated
12,2023-07-22,Atlético-MG,EC Vitória,1,2,22,11,10,3,12,8,60.714147462500826,39.285852537499174,503,416,84.56839035974482,75.42563937637831,9,8,2,0,0,0,7,4,2,3,Generated
12,2023-07-22,Flamengo,Palmeiras,3,2,15,13,5,3,10,10,51.522252739209385,48.477747260790615,521,455,84.95658703993634,74.42345179101893,13,5,3,3,0,0,7,5,5,2,Generated
12,2023-07-22,Criciúma,Atlético-PR,2,1,16,11,6,3,10,8,38.800611535906526,61.199388464093474,503,391,72.32212463977162,85.57166505134239,7,15,5,2,0,0,5,10,0,1,Generated
12,2023-07-22,Grêmio,São Paulo,2,4,9,17,2,7,7,10,66.52263405514138,33.47736594485862,473,453,74.5260123175166,79.75663351827659,13,9,0,3,0,0,7,4,1,0,Generated
12,2023-07-22,Juventude,Fortaleza,4,3,16,9,5,2,11,7,48.96322666661921,51.03677333338079,456,390,88.6106823856756,84.25257234362832,12,9,1,1,0,0,6,2,2,4,Generated
12,2023-07-22,Corinthians,Bahia,1,2,17,18,5,4,12,14,48.80980091855721,51.19019908144279,503,386,75.24235844356457,70.8969216071213,11,7,1,3,1,0,6,6,2,1,Generated
12,2023-07-22,Atlético-GO,Botafogo,3,3,24,13,5,5,19,8,41.77835661128871,58.22164338871129,420,413,88.30373635205068,78.15050093066174,8,14,3,0,0,0,9,10,1,0,Generated
12,2023-07-22,Vasco da Gama,Cuiabá,0,0,17,12,6,3,11,9,39.917347032272275,60.082652967727725,458,437,78.19184242426452,70.56864271322992,10,18,3,4,0,0,7,1,1,4,Generated
12,2023-07-22,Bragantino,Internacional,1,0,15,14,5,5,10,9,52.58096458352343,47.41903541647657,487,477,85.25994036356558,74.71654568784179,12,8,2,3,0,0,8,4,2,2,Generated
13,2023-08-01,Flamengo,Bragantino,3,0,21,13,7,4,14,9,34.88477716803021,65.11522283196979,613,369,72.76054631078036,86.90507580004378,9,4,4,3,0,0,5,6,0,7,Generated
13,2023-08-01,EC Vitória,Juventude,2,1,12,13,5,6,7,7,57.22433879219206,42.77566120780794,480,421,76.71281409218224,79.28110356621798,14,13,2,3,0,0,6,4,6,1,Generated
13,2023-08-01,Criciúma,Grêmio,0,0,11,16,4,6,7,10,53.75241968127952,46.24758031872048,477,437,79.39205649301734,88.86437967212943,18,18,0,2,0,0,1,7,3,0,Generated
13,2023-08-01,Fortaleza,Atlético-GO,3,2,10,12,3,2,7,10,67.70239446726134,32.29760553273866,508,409,88.30088505498182,74.51989650890256,12,5,0,0,0,0,4,2,1,1,Generated
13,2023-08-01,Cruzeiro,Bahia,0,1,13,13,5,3,8,10,55.161061060556555,44.838938939443445,491,413,78.10241450952905,72.89124509364959,12,11,0,2,0,0,2,3,1,1,Generated
13,2023-08-01,São Paulo,Palmeiras,0,1,30,19,8,9,22,10,40.29665795771621,59.70334204228379,527,523,73.50789377189926,76.29990556469532,7,17,1,2,0,0,7,6,2,1,Generated
13,2023-08-01,Cuiabá,Botafogo,2,3,12,10,2,2,10,8,52.230437359839314,47.769562640160686,451,423,72.6860893961179,73.95287915448894,11,14,2,5,0,0,4,5,2,0,Generated
13,2023-08-01,Atlético-PR,Fluminense,1,4,10,19,2,8,8,11,69.68253810331069,30.31746189668931,438,393,82.25373066420906,75.26432775340314,13,14,2,4,0,0,6,7,0,1,Generated
13,2023-08-01,Vasco da Gama,Internacional,2,2,23,11,10,3,13,8,65.5926312581525,34.407368741847506,475,497,87.28017372825083,86.1726365123618,8,11,0,2,0,0,4,1,4,2,Generated
13,2023-08-01,Corinthians,Atlético-MG,0,2,12,11,4,4,8,7,31.183798378199793,68.8162016218002,505,502,78.98430645555517,85.87503650624754,14,12,3,1,0,0,5,6,2,8,Generated
14,2023-08-08,EC Vitória,Internacional,1,2,14,20,3,6,11,14,37.95152912577239,62.04847087422761,445,481,83.16887676089848,80.26029620301595,9,7,3,0,0,0,4,10,3,0,Generated
14,2023-08-08,Atlético-GO,Bahia,3,4,20,18,5,6,15,12,40.70517397969948,59.29482602030052,466,394,86.0104500940638,75.08426528110705,15,14,3,2,0,0,6,3,2,1,Generated
14,2023-08-08,Bragantino,Juventude,5,0,13,16,6,6,7,10,61.44042995479852,38.55957004520148,430,383,76.19079418634918,70.8648459523438,14,9,0,1,0,1,5,3,4,2,Generated
14,2023-08-08,Atlético-MG,Fluminense,2,2,20,9,4,2,16,7,40.486276499814046,59.513723500185954,572,421,81.62865910183334,84.24990098767057,13,14,1,3,0,0,7,8,1,1,Generated
14,2023-08-08,São Paulo,Palmeiras,2,2,14,15,6,6,8,9,35.09920585155313,64.90079414844686,565,464,79.3836496947144,75.67372987660139,15,12,2,1,0,0,8,6,3,0,Generated
14,2023-08-08,Fortaleza,Atlético-PR,2,1,5,5,1,2,4,3,55.04265795561562,44.95734204438438,486,395,83.61292088375416,86.70721326715697,16,11,1,0,0,0,6,1,0,0,Generated
14,2023-08-08,Corinthians,Cruzeiro,1,1,15,18,6,8,9,10,59.83230507489057,40.16769492510943,490,377,82.77624300349714,84.63495388377024,13,8,5,2,0,0,4,7,0,2,Generated
14,2023-08-08,Grêmio,Vasco da Gama,3,0,22,12,4,2,18,10,52.4557271205083,47.5442728794917,473,402,86.36851089923161,77.30588962364178,13,12,2,4,0,0,6,2,1,3,Generated
14,2023-08-08,Criciúma,Botafogo,2,2,14,14,5,3,9,11,60.485923196585716,39.514076803414284,498,391,87.85381141385008,88.69030329067631,7,11,3,1,0,0,5,5,2,3,Generated
14,2023-08-08,Flamengo,Cuiabá,1,0,7,15,1,4,6,11,65.891253884385,34.108746115615006,568,457,71.29175238115549,74.3224126518337,9,8,1,2,0,0,8,6,3,1,Generated
15,2023-08-15,Juventude,Fluminense,3,1,17,14,7,4,10,10,62.318669135654794,37.681330864345206,520,396,70.80850222589606,83.82596773721482,13,6,2,3,0,0,3,2,1,0,Generated
15,2023-08-15,Cruzeiro,Bragantino,3,2,16,12,4,3,12,9,34.43165055124458,65.56834944875541,472,405,70.75842472470188,87.54452844275997,8,12,1,3,0,0,3,4,3,0,Generated
15,2023-08-15,Vasco da Gama,Atlético-GO,1,0,17,14,4,4,13,10,31.096812109873518,68.90318789012647,499,413,83.88605913972575,73.44336544646318,14,9,0,2,0,0,4,6,2,1,Generated
15,2023-08-15,Fortaleza,São Paulo,1,4,12,10,5,3,7,7,33.973669428816514,66.02633057118348,457,497,85.51545627233119,73.68142249848415,14,12,4,4,0,0,7,4,0,4,Generated
15,2023-08-15,Atlético-MG,Cuiabá,2,1,23,17,7,7,16,10,36.192724026683756,63.807275973316244,553,405,75.16294288844179,80.5890267848263,5,10,1,1,0,0,9,5,3,1,Generated
15,2023-08-15,Grêmio,Botafogo,2,2,12,9,4,3,8,6,63.19603518606981,36.80396481393019,476,386,72.23176543495153,88.91695143609287,8,12,2,2,0,1,5,4,3,2,Generated
15,2023-08-15,Corinthians,Internacional,1,1,15,16,6,7,9,9,39.17947957569879,60.82052042430121,452,477,73.93147281530258,76.51232868746742,10,11,2,1,0,0,6,2,3,1,Generated
15,2023-08-15,Criciúma,EC Vitória,1,1,8,20,3,4,5,16,40.44974929235073,59.55025070764927,510,377,82.77604034299935,75.50654370892515,11,12,1,1,1,0,2,9,0,3,Generated
15,2023-08-15,Bahia,Flamengo,1,0,18,14,8,6,10,8,42.406312508990325,57.593687491009675,514,469,74.93691869143817,71.08474858314194,11,7,3,0,0,0,3,2,0,5,Generated
15,2023-08-15,Atlético-PR,Palmeiras,0,2,24,8,6,3,18,5,38.49070574934268,61.50929425065732,456,435,80.70270501989741,81.20693703245752,5,14,4,3,0,0,3,5,1,1,Generated
16,2023-08-22,Cruzeiro,Bragantino,3,0,17,13,7,5,10,8,67.88245603883281,32.117543961167186,475,395,88.09491526826368,74.83657940788473,13,17,1,2,0,0,6,6,1,1,Generated
16,2023-08-22,Botafogo,Atlético-PR,1,0,17,7,7,2,10,5,33.359920553237345,66.64007944676266,479,434,78.21491657146098,78.71086275720431,13,10,4,1,0,1,6,6,2,2,Generated
16,2023-08-22,Flamengo,Vasco da Gama,4,1,18,10,6,4,12,6,56.095262675377015,43.904737324622985,578,379,84.00367999390971,84.61588184584684,12,11,1,0,1,1,5,9,0,2,Generated
16,2023-08-22,Atlético-MG,Grêmio,0,1,22,12,8,4,14,8,42.834500431457656,57.165499568542344,567,389,82.93414880396863,75.97582079453778,14,13,2,1,0,0,2,5,2,1,Generated
16,2023-08-22,Juventude,EC Vitória,0,0,14,13,4,3,10,10,32.006539677582,67.993460322418,469,394,70.18119258364705,82.78594104362347,14,12,1,1,0,0,8,4,2,3,Generated
16,2023-08-22,Internacional,São Paulo,1,2,11,10,2,4,9,6,47.37524250210676,52.62475749789324,558,433,86.93170927805775,86.6039211964075,17,12,2,1,0,0,7,7,1,1,Generated
16,2023-08-22,Criciúma,Bahia,2,0,12,17,3,7,9,10,57.73672578932852,42.26327421067148,432,363,86.75457532831032,87.24808252903625,8,10,3,5,0,0,6,5,4,2,Generated
16,2023-08-22,Fortaleza,Palmeiras,1,2,15,14,4,5,11,9,54.56149533966678,45.43850466033322,472,472,83.00194849066003,86.45967555388741,11,9,4,2,0,0,7,4,2,1,Generated
16,2023-08-22,Cuiabá,Fluminense,5,1,20,14,9,3,11,11,39.43515249747546,60.56484750252454,453,402,87.75782485246245,88.66638121181096,17,14,1,1,0,0,6,9,2,0,Generated
16,2023-08-22,Corinthians,Atlético-GO,3,1,12,8,5,2,7,6,60.32126571524808,39.67873428475192,491,358,86.44226383163831,82.62866713028056,10,10,1,3,0,0,3,5,0,3,Generated
17,2023-09-01,São Paulo,Palmeiras,4,1,24,16,6,6,18,10,52.65477168343058,47.34522831656942,517,485,84.12078433774508,78.48446598011658,20,14,1,1,0,1,9,2,2,2,Generated
17,2023-09-01,Cruzeiro,Atlético-GO,2,2,14,11,5,5,9,6,45.46943397093209,54.53056602906791,463,353,73.47516388051272,74.76135021931049,12,9,1,0,0,0,8,8,2,3,Generated
17,2023-09-01,Cuiabá,Corinthians,1,1,14,13,3,4,11,9,54.43615588411653,45.56384411588347,459,392,78.53783043108746,79.48927034471826,16,16,3,2,0,0,2,5,3,3,Generated
17,2023-09-01,Fortaleza,Fluminense,2,0,22,17,8,4,14,13,50.360557039949526,49.639442960050474,453,417,86.16128316908606,74.52608197630917,12,11,0,4,0,0,7,6,1,0,Generated
17,2023-09-01,Grêmio,Vasco da Gama,1,1,18,9,3,4,15,5,36.79438972457034,63.20561027542966,506,391,71.99913254988182,80.48680279596846,19,8,1,1,0,0,4,8,1,1,Generated
17,2023-09-01,EC Vitória,Criciúma,4,3,15,7,5,3,10,4,39.605683316129486,60.394316683870514,509,378,81.80828545222778,84.092698192189,14,17,1,3,0,0,2,6,1,4,Generated
17,2023-09-01,Atlético-PR,Botafogo,1,1,13,14,4,6,9,8,53.20228513100865,46.79771486899135,490,378,87.49601841616882,85.81362984735331,10,16,2,2,0,0,1,9,1,3,Generated
17,2023-09-01,Juventude,Internacional,2,0,20,17,8,6,12,11,62.72259537638723,37.27740462361277,463,448,71.88744662254224,86.04266557151857,20,10,2,2,0,0,6,7,2,0,Generated
17,2023-09-01,Flamengo,Bragantino,1,3,22,13,4,4,18,9,41.2341077063978,58.7658922936022,576,401,81.51837910263473,88.33048770148022,8,18,4,0,0,2,5,6,2,3,Generated
17,2023-09-01,Atlético-MG,Bahia,3,1,20,11,9,4,11,7,39.74840324422244,60.25159675577756,547,411,71.67722771207534,78.60739132166708,11,12,1,1,0,0,4,4,2,0,Generated
18,2023-09-08,Bragantino,Corinthians,1,0,11,19,4,8,7,11,37.02712055922544,62.97287944077456,491,382,86.10735278083567,81.4028538226523,11,11,2,2,1,0,5,4,0,1,Generated
18,2023-09-08,Cuiabá,Atlético-PR,1,1,21,11,5,3,16,8,65.6345635226201,34.3654364773799,479,398,70.49134172713474,79.60021924156534,10,10,1,3,0,0,4,3,1,1,Generated
18,2023-09-08,Atlético-GO,EC Vitória,1,1,13,16,6,3,7,13,66.98862990972864,33.011370090271356,479,402,79.24069842150783,84.33715881623087,9,6,2,2,0,0,10,4,4,2,Generated
18,2023-09-08,Fortaleza,Criciúma,0,3,12,10,4,3,8,7,54.236240306106815,45.763759693893185,520,356,79.72024213618269,88.87975438020435,14,12,1,2,0,0,5,4,2,2,Generated
18,2023-09-08,Atlético-MG,Palmeiras,0,3,20,9,9,3,11,6,57.79019876608775,42.20980123391225,571,506,73.18991735129107,74.6370732743083,12,8,0,1,1,0,5,8,1,0,Generated
18,2023-09-08,Flamengo,São Paulo,1,1,23,15,11,5,12,10,59.37267471480742,40.62732528519258,582,453,78.84402833381569,75.2925289214939,8,11,1,0,0,1,9,8,1,3,Generated
18,2023-09-08,Juventude,Botafogo,3,1,20,14,6,6,14,8,52.48257229222044,47.51742770777956,486,407,80.55400414114581,82.19360088015007,9,6,4,0,0,0,7,4,2,4,Generated
18,2023-09-08,Grêmio,Bahia,1,2,14,16,5,4,9,12,59.714849613720375,40.285150386279625,487,390,84.25575077184236,86.02836827958853,9,10,1,3,0,0,6,3,4,2,Generated
18,2023-09-08,Cruzeiro,Internacional,0,0,13,12,4,4,9,8,69.55807710786998,30.441922892130023,492,477,70.05735862554587,78.58220048947186,13,9,1,3,0,0,0,7,1,2,Generated
18,2023-09-08,Fluminense,Vasco da Gama,1,0,10,9,4,2,6,7,58.96903080532297,41.03096919467703,454,391,74.3106121878091,76.33906210049093,20,14,1,2,0,0,4,5,3,1,Generated
19,2023-09-15,Bragantino,Palmeiras,3,2,14,12,5,4,9,8,56.44409842574176,43.55590157425824,481,483,81.02225780750308,89.83484400553348,8,18,3,2,0,0,2,9,3,0,Generated
19,2023-09-15,Criciúma,Atlético-MG,3,1,16,21,7,7,9,14,45.918407259522404,54.081592740477596,475,497,70.1203487454336,89.85922137905288,13,11,0,0,0,0,5,5,0,3,Generated
19,2023-09-15,Vasco da Gama,Fortaleza,1,0,16,22,6,7,10,15,60.062896939528876,39.937103060471124,472,375,74.78176900310358,82.12496311647556,8,15,2,0,0,0,1,5,2,2,Generated
19,2023-09-15,Fluminense,Cruzeiro,1,2,15,13,5,4,10,9,40.65329873901667,59.34670126098333,518,375,79.45828092490962,75.87706933075422,9,11,3,2,0,0,8,5,2,4,Generated
19,2023-09-15,Juventude,Bahia,0,0,15,13,7,3,8,10,33.862069606449545,66.13793039355045,479,428,86.40411167326369,78.02361633164966,8,11,2,2,1,0,3,5,1,3,Generated
19,2023-09-15,Flamengo,Atlético-PR,0,1,23,8,7,3,16,5,46.26937818725389,53.73062181274611,574,409,75.331857141486,83.95301306782129,14,8,2,0,0,0,10,5,3,1,Generated
19,2023-09-15,Grêmio,Atlético-GO,0,0,19,14,8,6,11,8,64.31481532682773,35.68518467317227,471,420,83.6302627998898,71.0142485340521,7,17,2,0,0,0,7,1,2,0,Generated
19,2023-09-15,Internacional,EC Vitória,1,0,19,15,7,5,12,10,52.348812452050524,47.651187547949476,568,400,89.68474616668895,70.50794332152972,7,14,3,0,0,0,6,5,0,2,Generated
19,2023-09-15,Corinthians,Cuiabá,2,2,12,10,3,4,9,6,55.11718548969984,44.88281451030016,475,408,76.54758305854307,88.710357767887,9,13,4,1,0,0,2,5,2,2,Generated
19,2023-09-15,São Paulo,Botafogo,2,1,16,9,6,3,10,6,42.51535906585724,57.48464093414276,549,409,81.00564016986775,74.93697662514613,10,7,3,4,0,0,5,4,3,1,Generated
20,2023-09-22,Corinthians,Botafogo,0,0,24,16,6,4,18,12,67.8410882809956,32.158911719004394,492,442,80.44606622100619,73.40299846769946,12,11,3,4,0,0,6,9,1,0,Generated
20,2023-09-22,Fortaleza,Criciúma,0,0,16,15,7,6,9,9,33.56369273644569,66.43630726355431,445,391,79.6304942214047,86.1300564327887,15,9,3,1,0,0,4,9,3,3,Generated
20,2023-09-22,Palmeiras,Grêmio,0,1,24,14,11,3,13,11,54.27987075694021,45.72012924305979,520,398,80.73351014596844,70.05270414322625,13,10,2,0,0,0,5,2,1,1,Generated
20,2023-09-22,Juventude,Flamengo,1,1,15,14,5,6,10,8,57.8326612351909,42.1673387648091,486,471,87.6029302951548,78.39420986605592,7,14,5,3,0,0,9,4,0,1,Generated
20,2023-09-22,Vasco da Gama,Atlético-PR,0,2,16,12,7,5,9,7,33.613547576342064,66.38645242365794,493,392,86.45310983224823,81.39675919746244,13,11,2,2,0,0,4,6,0,2,Generated
20,2023-09-22,Cruzeiro,Cuiabá,0,4,10,8,4,3,6,5,64.6903119302385,35.309688069761506,465,432,75.21971422218981,78.72984218583667,11,12,4,2,0,0,8,6,0,2,Generated
20,2023-09-22,Fluminense,EC Vitória,2,2,13,12,3,3,10,9,53.621443008372665,46.378556991627335,516,382,82.25192970530657,75.49527297576122,5,7,2,0,0,0,3,5,4,1,Generated
20,2023-09-22,Internacional,Bragantino,1,0,21,20,8,5,13,15,40.19075026163026,59.80924973836974,542,392,72.27339798216738,76.02115623853848,14,16,2,0,1,0,3,8,2,2,Generated
20,2023-09-22,Bahia,Atlético-MG,1,0,12,17,5,7,7,10,57.32159730973658,42.67840269026342,505,431,86.38714589443238,73.03028051658092,11,8,2,2,0,0,3,9,1,2,Generated
20,2023-09-22,São Paulo,Atlético-GO,1,5,17,12,7,4,10,8,63.931634318825,36.068365681175,548,397,87.505290210882,80.44110041218896,8,10,0,3,0,0,3,5,0,1,Generated
21,2023-10-01,Cuiabá,Bahia,1,0,15,18,5,8,10,10,62.62427612362677,37.37572387637323,493,386,81.37368770913793,77.18069220310917,10,12,4,2,0,0,5,6,2,2,Generated
21,2023-10-01,Criciúma,Grêmio,0,0,16,11,3,4,13,7,60.348605705261505,39.651394294738495,503,397,81.56263880454107,76.72305425790083,11,9,2,3,0,1,2,3,1,3,Generated
21,2023-10-01,Atlético-MG,São Paulo,4,1,24,20,9,8,15,12,42.05688211784474,57.94311788215526,625,488,87.81465430163503,87.655917225186,17,10,1,1,0,0,7,7,2,2,Generated
21,2023-10-01,Flamengo,Internacional,3,4,13,19,5,4,8,15,37.589516976714506,62.410483023285494,576,454,73.32813777917941,82.96687705723896,7,7,3,3,0,0,8,3,2,1,Generated
21,2023-10-01,Fortaleza,Atlético-GO,2,0,10,10,2,2,8,8,37.27451925499499,62.72548074500501,460,391,70.9960093785915,73.07544631506724,7,10,0,0,0,0,8,4,4,3,Generated
21,2023-10-01,Juventude,Atlético-PR,2,1,18,14,3,4,15,10,68.65399125656295,31.346008743437054,470,387,88.02847600404144,77.46558642832656,11,15,3,2,0,0,2,3,2,2,Generated
21,2023-10-01,Corinthians,Palmeiras,2,2,21,15,10,3,11,12,58.8715793227999,41.1284206772001,457,440,85.59194585672499,89.96545246470917,7,14,4,0,0,0,5,9,4,3,Generated
21,2023-10-01,EC Vitória,Botafogo,2,2,21,16,4,5,17,11,35.65708182415533,64.34291817584467,494,393,88.20028713731207,89.74330576870418,14,9,0,4,0,0,3,8,6,4,Generated
21,2023-10-01,Cruzeiro,Vasco da Gama,0,0,9,14,2,6,7,8,66.48205831433341,33.517941685666585,461,436,80.72192416160814,70.05155695096062,15,15,2,0,0,0,8,7,3,1,Generated
21,2023-10-01,Fluminense,Bragantino,1,1,13,12,3,5,10,7,51.04773173493967,48.95226826506033,457,379,72.26448409656022,74.10114769084697,10,3,3,4,0,0,4,5,1,5,Generated
22,2023-10-08,Vasco da Gama,Bahia,7,1,15,21,6,7,9,14,61.91035403995637,38.08964596004363,479,396,71.76042407945228,81.75048514562154,13,14,3,0,0,1,8,10,1,3,Generated
22,2023-10-08,São Paulo,Bragantino,3,0,15,22,5,4,10,18,45.19896169050466,54.80103830949534,543,381,89.4785289212324,82.60024499019471,8,11,3,1,0,0,2,8,3,2,Generated
22,2023-10-08,Criciúma,Cruzeiro,1,0,17,3,7,1,10,2,61.648865721922476,38.351134278077524,504,422,77.75777182489308,84.67045817796844,17,8,1,3,0,0,5,11,3,2,Generated
22,2023-10-08,Juventude,Fluminense,2,2,22,11,5,5,17,6,39.38918507692324,60.61081492307676,484,433,86.77868283464696,87.35454339687726,14,8,2,2,0,1,4,6,0,2,Generated
22,2023-10-08,Palmeiras,Atlético-MG,2,2,19,16,6,7,13,9,44.783777546907544,55.216222453092456,604,486,84.04836150666067,70.40957158988554,11,11,1,2,0,0,6,3,3,3,Generated
22,2023-10-08,Atlético-GO,EC Vitória,2,1,14,12,4,5,10,7,69.3360009842637,30.663999015736294,468,385,72.2079602442397,72.8389297073058,18,9,0,3,0,0,7,5,1,1,Generated
22,2023-10-08,Cuiabá,Atlético-PR,3,1,12,11,5,5,7,6,33.982595011100905,66.0174049888991,470,434,80.48254893159589,83.57531874253198,8,17,0,3,0,0,2,3,3,1,Generated
22,2023-10-08,Internacional,Corinthians,5,4,17,16,8,5,9,11,32.12268333196198,67.87731666803802,525,420,83.53049669216101,81.23231338071363,16,12,3,4,0,0,6,5,3,3,Generated
22,2023-10-08,Flamengo,Grêmio,0,1,16,17,3,6,13,11,67.33060935707883,32.66939064292117,555,396,80.8469381810394,84.31826939247637,13,6,4,1,0,1,5,3,1,4,Generated
22,2023-10-08,Fortaleza,Botafogo,2,1,12,13,2,3,10,10,49.103992273724415,50.896007726275585,490,384,87.0508470575444,85.10731191310578,11,15,1,2,0,0,6,4,2,4,Generated
23,2023-10-15,Cuiabá,Palmeiras,0,0,9,16,4,3,5,13,68.67558731312262,31.32441268687738,457,445,82.91212759969517,71.58516123007304,8,14,1,2,0,1,5,6,2,2,Generated
23,2023-10-15,EC Vitória,Atlético-MG,2,3,17,17,4,6,13,11,30.875652498597027,69.12434750140298,459,491,82.13886518362138,77.50338751725545,12,20,4,1,0,0,6,3,0,0,Generated
23,2023-10-15,Atlético-PR,Internacional,0,1,20,18,9,3,11,15,43.01397455991354,56.98602544008646,463,489,73.06627247820708,73.35892238322711,15,9,3,2,0,0,7,2,1,4,Generated
23,2023-10-15,Flamengo,Fortaleza,1,0,25,14,10,2,15,12,36.629495109873616,63.370504890126384,544,391,79.03518978645666,74.63590399190578,11,12,2,1,0,0,4,5,3,4,Generated
23,2023-10-15,Corinthians,São Paulo,0,1,15,10,5,3,10,7,42.34802222703353,57.65197777296647,478,475,81.0790185177337,71.99931074860231,8,12,3,4,0,0,4,4,2,4,Generated
23,2023-10-15,Grêmio,Fluminense,0,1,12,16,4,7,8,9,69.63975321027561,30.360246789724386,479,405,75.17379585992795,76.78015684510457,11,9,3,1,0,1,7,7,2,6,Generated
23,2023-10-15,Cruzeiro,Bragantino,1,1,17,11,7,3,10,8,47.36334341492027,52.63665658507973,485,375,89.02402492429498,80.05937595063361,16,10,3,2,0,0,5,4,3,3,Generated
23,2023-10-15,Botafogo,Bahia,3,1,23,12,10,3,13,9,36.70213853595297,63.29786146404703,466,433,81.03578663755694,78.32055438555564,9,11,3,1,0,0,3,5,0,0,Generated
23,2023-10-15,Criciúma,Atlético-GO,3,0,13,13,6,4,7,9,53.32602355357058,46.67397644642942,475,388,73.08063398595496,80.23097901595082,11,15,4,4,0,0,6,2,1,1,Generated
23,2023-10-15,Vasco da Gama,Juventude,2,0,10,17,2,8,8,9,34.76688441921597,65.23311558078403,505,414,74.37607528799134,86.24379341500466,12,13,1,2,0,0,3,8,3,0,Generated
24,2023-10-22,São Paulo,Corinthians,2,1,33,8,7,2,26,6,68.84904212013606,31.150957879863938,591,399,70.33611716098147,73.63989991672395,8,14,2,2,1,0,5,6,1,2,Generated
24,2023-10-22,Fortaleza,Atlético-PR,3,0,16,7,7,1,9,6,44.253680726213254,55.746319273786746,473,411,80.32494867252909,89.21305400242946,11,13,2,1,0,0,7,7,2,2,Generated
24,2023-10-22,Flamengo,EC Vitória,1,2,28,15,11,6,17,9,51.892056427093515,48.107943572906485,573,400,82.25483492126904,77.98750017466654,5,10,2,3,0,0,5,4,3,3,Generated
24,2023-10-22,Cuiabá,Atlético-GO,5,0,13,12,5,4,8,8,43.435883322991074,56.564116677008926,490,388,80.34415458583497,71.39023785137562,17,10,1,2,0,0,4,8,1,0,Generated
24,2023-10-22,Fluminense,Criciúma,3,3,15,14,5,6,10,8,51.812835250244106,48.187164749755894,503,400,76.58082964177994,70.09661095505008,11,15,1,0,0,0,8,5,4,4,Generated
24,2023-10-22,Palmeiras,Cruzeiro,1,1,19,17,5,7,14,10,41.87123117723501,58.12876882276499,519,432,77.51322025154285,78.63924728321123,11,11,2,4,0,0,4,2,2,0,Generated
24,2023-10-22,Grêmio,Botafogo,2,2,11,13,3,3,8,10,61.90531773556039,38.09468226443961,511,411,73.84231205335018,79.7249561090857,8,5,0,1,0,0,2,6,4,4,Generated
24,2023-10-22,Internacional,Bragantino,0,0,18,14,8,4,10,10,51.05103263448707,48.94896736551293,544,400,85.09242730205095,79.02236609317042,11,13,1,1,0,0,5,2,2,0,Generated
24,2023-10-22,Bahia,Juventude,0,0,19,8,5,1,14,7,69.94773299533537,30.05226700466463,424,391,79.21373423003867,85.10057426741808,16,12,3,3,1,0,3,4,3,3,Generated
24,2023-10-22,Vasco da Gama,Atlético-MG,1,1,14,18,3,5,11,13,30.551632212771462,69.44836778722853,517,500,80.248273526483,78.12298762850845,17,12,1,3,0,0,7,5,2,1,Generated
25,2023-11-01,EC Vitória,Grêmio,1,0,15,14,5,6,10,8,54.26992262911261,45.73007737088739,475,445,87.17675941371542,76.74480536346545,9,7,6,1,0,0,1,8,7,3,Generated
25,2023-11-01,Cruzeiro,Atlético-PR,0,1,18,11,6,5,12,6,35.93157960390287,64.06842039609714,486,401,89.11020856549149,72.07766484482262,14,8,2,2,0,1,3,4,2,3,Generated
25,2023-11-01,Fluminense,Palmeiras,1,3,15,19,6,9,9,10,62.12817298879967,37.87182701120033,473,490,81.58009058718336,73.68424114120934,16,11,2,1,0,0,7,1,0,2,Generated
25,2023-11-01,São Paulo,Flamengo,2,3,23,15,5,4,18,11,55.863512447953546,44.136487552046454,556,441,85.59936357746868,74.60986680527402,7,13,4,1,0,0,1,4,2,2,Generated
25,2023-11-01,Atlético-GO,Criciúma,2,0,21,12,4,5,17,7,51.73540708299884,48.26459291700116,499,389,71.82829163105886,80.24403705945532,19,11,3,0,0,0,4,6,1,1,Generated
25,2023-11-01,Botafogo,Bahia,0,0,17,15,3,7,14,8,41.41524631059292,58.58475368940708,479,421,82.88574379883936,85.23679217784324,21,8,1,1,0,0,3,5,1,2,Generated
25,2023-11-01,Corinthians,Vasco da Gama,1,2,17,11,4,4,13,7,59.17435257486429,40.82564742513571,461,369,85.60121489289426,85.00885496166674,10,6,0,3,0,0,4,6,4,2,Generated
25,2023-11-01,Internacional,Cuiabá,1,0,26,13,6,2,20,11,30.904833339481392,69.0951666605186,594,411,83.9916534360301,70.68344847345634,10,12,3,3,0,0,11,4,5,1,Generated
25,2023-11-01,Bragantino,Juventude,1,0,13,17,4,7,9,10,43.79624311161657,56.20375688838343,465,387,82.62915832129897,78.38966869858973,14,19,3,2,0,0,3,7,1,1,Generated
25,2023-11-01,Fortaleza,Atlético-MG,1,2,16,11,3,2,13,9,36.10999297467731,63.89000702532269,487,489,88.58429949940336,78.34354746856354,9,13,2,2,0,0,5,4,1,1,Generated
26,2023-11-08,Cuiabá,Corinthians,2,1,17,11,6,3,11,8,68.14169114662964,31.85830885337036,495,405,77.01237581095725,78.57286413666382,16,14,2,2,0,0,2,2,2,4,Generated
26,2023-11-08,Atlético-MG,Vasco da Gama,2,3,19,14,5,5,14,9,65.24046171108577,34.75953828891423,553,409,82.97341243704035,76.23358557471988,9,17,0,1,0,0,5,6,1,4,Generated
26,2023-11-08,Flamengo,Botafogo,2,1,21,12,7,5,14,7,30.624454529091572,69.37554547090843,531,405,77.22336864413607,70.53865063422008,10,13,0,0,0,0,4,7,1,0,Generated
26,2023-11-08,Palmeiras,Grêmio,3,2,21,5,6,2,15,3,37.103132062073165,62.896867937926835,605,402,74.7926980174664,74.38110822528174,12,12,1,4,0,1,5,3,3,0,Generated
26,2023-11-08,Cruzeiro,Fluminense,0,2,11,12,5,2,6,10,48.66645848725955,51.33354151274045,487,391,72.35396763464851,75.26134613475084,11,9,1,1,0,0,5,3,1,4,Generated
26,2023-11-08,São Paulo,EC Vitória,2,2,11,18,5,4,6,14,63.17483155008296,36.82516844991704,543,416,86.1764269795313,73.31993755707478,17,11,3,1,0,0,9,8,0,3,Generated
26,2023-11-08,Atlético-PR,Internacional,1,0,15,15,5,6,10,9,32.53938888178576,67.46061111821425,470,467,80.37838569986035,84.43994438815251,16,15,3,0,0,0,6,4,5,4,Generated
26,2023-11-08,Atlético-GO,Juventude,2,1,15,14,4,5,11,9,62.6709205483099,37.3290794516901,461,421,72.00790361267548,76.8003643032949,11,19,5,1,0,0,2,2,0,2,Generated
26,2023-11-08,Bahia,Fortaleza,5,0,19,13,8,5,11,8,42.22116018739749,57.77883981260251,456,422,79.5889485194947,72.88017013403808,12,8,2,0,0,0,5,6,4,3,Generated
26,2023-11-08,Criciúma,Bragantino,1,0,22,10,7,2,15,8,65.54532816984162,34.454671830158375,497,401,89.8951825928705,77.84040174038827,13,13,0,4,1,0,7,8,1,3,Generated
27,2023-11-15,Bragantino,Fluminense,1,1,18,13,6,3,12,10,61.727333673842345,38.272666326157655,511,438,70.21245369199517,74.03216526329878,17,12,0,0,1,0,5,4,2,4,Generated
27,2023-11-15,Flamengo,Atlético-GO,1,1,16,11,3,2,13,9,55.4566136132638,44.5433863867362,555,423,71.96694687590481,82.84432215625726,9,13,1,0,0,0,4,6,0,0,Generated
27,2023-11-15,Criciúma,Internacional,0,0,15,12,6,5,9,7,65.55409853118313,34.44590146881687,451,519,87.07293782549469,71.57848808096641,11,17,2,3,0,1,9,2,3,2,Generated
27,2023-11-15,Botafogo,Vasco da Gama,0,0,18,8,7,3,11,5,53.90231532892241,46.09768467107759,476,380,79.54895355890746,86.76049492612576,15,8,2,4,1,1,11,8,0,1,Generated
27,2023-11-15,EC Vitória,Bahia,0,1,16,10,4,4,12,6,31.87356493477726,68.12643506522274,482,410,71.29047411721488,70.62203215753846,10,10,4,3,0,0,4,3,3,3,Generated
27,2023-11-15,Corinthians,Cruzeiro,2,3,22,11,10,4,12,7,67.89190666310428,32.10809333689572,471,366,72.54000258480094,77.90296656188363,15,10,5,3,0,0,4,4,2,4,Generated
27,2023-11-15,Grêmio,Juventude,0,1,13,20,5,8,8,12,44.78456877460399,55.21543122539601,512,401,74.14967453964381,86.03565058985757,10,14,2,1,0,0,3,5,2,3,Generated
27,2023-11-15,Cuiabá,Atlético-PR,0,1,17,10,8,3,9,7,69.44730076522075,30.552699234779254,461,403,71.84384382596544,72.71757777031041,11,14,2,0,0,0,3,4,6,2,Generated
27,2023-11-15,Atlético-MG,São Paulo,1,2,22,23,7,5,15,18,36.97995524967251,63.02004475032749,597,464,71.27031985453345,71.32049190241554,13,15,4,2,2,0,4,4,0,1,Generated
27,2023-11-15,Fortaleza,Palmeiras,4,1,11,16,3,5,8,11,51.39278068450255,48.60721931549745,500,497,77.70582234460265,85.27291420244515,17,14,3,3,0,0,8,5,0,2,Generated
28,2023-11-22,Botafogo,Flamengo,1,1,13,21,5,10,8,11,39.98949715726049,60.01050284273951,453,503,70.94032056762519,83.1217927283376,16,7,1,7,0,0,6,5,2,2,Generated
28,2023-11-22,Grêmio,Criciúma,1,0,23,8,10,2,13,6,37.737053165786484,62.262946834213516,475,364,72.41485949695931,76.50047822222784,11,14,1,1,0,0,4,5,3,1,Generated
28,2023-11-22,Juventude,Cruzeiro,1,1,20,12,9,4,11,8,62.98669612047083,37.01330387952917,515,448,78.66470023862603,75.86327016900249,15,16,2,2,0,0,4,7,5,2,Generated
28,2023-11-22,Bahia,Corinthians,2,1,13,10,3,3,10,7,42.07033691033934,57.92966308966066,486,443,86.76690290202396,88.06489762331981,9,16,3,2,0,0,1,10,2,2,Generated
28,2023-11-22,Fluminense,Atlético-GO,2,1,10,8,3,2,7,6,55.1374456898659,44.8625543101341,455,382,71.5921647730629,75.8628831808915,24,7,4,2,1,0,1,7,0,1,Generated
28,2023-11-22,Atlético-PR,EC Vitória,0,1,17,3,7,0,10,3,56.85448284327484,43.14551715672516,489,409,70.25850424138886,85.36794376040062,11,14,0,2,0,0,6,4,5,1,Generated
28,2023-11-22,Atlético-MG,Palmeiras,2,0,18,25,8,11,10,14,65.055363601913,34.944636398087,550,479,87.20335264894561,84.28648319153724,15,12,3,3,0,0,6,7,1,5,Generated
28,2023-11-22,São Paulo,Internacional,3,1,24,21,11,8,13,13,31.94008358606691,68.0599164139331,562,494,74.54808824675656,78.48827033922176,9,10,5,1,0,0,2,3,1,3,Generated
28,2023-11-22,Cuiabá,Bragantino,0,1,14,7,3,1,11,6,69.02637921879256,30.973620781207444,488,401,85.86623023110715,77.40221799298108,10,11,2,1,0,0,4,5,1,3,Generated
28,2023-11-22,Vasco da Gama,Fortaleza,1,0,13,9,3,3,10,6,32.18251551362649,67.8174844863735,468,437,77.42181150043706,87.48703611342053,12,6,4,2,0,0,3,2,4,1,Generated
29,2023-12-01,Vasco da Gama,São Paulo,3,3,16,9,5,4,11,5,69.79185428458038,30.20814571541962,454,497,70.99462247401905,79.77364094414939,7,9,2,0,0,0,1,5,2,1,Generated
29,2023-12-01,Atlético-MG,Bahia,1,1,14,15,5,6,9,9,61.797948300737474,38.202051699262526,548,398,89.71307254589148,77.9666918628918,12,17,2,2,0,0,7,8,0,3,Generated
29,2023-12-01,Corinthians,Fluminense,2,0,9,12,3,3,6,9,66.6104366410764,33.389563358923596,509,399,73.61569729686514,75.9257542804165,13,8,2,1,0,0,5,6,1,3,Generated
29,2023-12-01,Atlético-PR,Cuiabá,2,4,26,15,10,5,16,10,47.67100465307431,52.32899534692569,498,367,72.06396598283057,83.52674346685248,9,14,1,1,0,0,3,5,2,3,Generated
29,2023-12-01,Atlético-GO,Bragantino,2,0,14,14,6,4,8,10,53.723740412663204,46.276259587336796,457,412,85.78719097248121,84.12232843574324,14,11,2,0,0,1,8,5,0,1,Generated
29,2023-12-01,Palmeiras,Botafogo,1,1,19,6,4,1,15,5,37.745638002879055,62.254361997120945,518,384,86.59692816562794,78.8218468459489,15,17,2,1,2,0,2,9,0,0,Generated
29,2023-12-01,Fortaleza,Grêmio,1,0,16,11,4,4,12,7,56.88686152922776,43.11313847077224,472,408,86.24295862707532,72.66699104202996,11,12,3,3,0,0,2,8,2,3,Generated
29,2023-12-01,Juventude,Internacional,5,2,21,11,6,2,15,9,30.30104659494047,69.69895340505953,459,465,77.39239791556932,83.19554961478624,13,12,0,5,0,0,2,6,3,0,Generated
29,2023-12-01,Cruzeiro,Flamengo,1,0,14,20,5,6,9,14,59.5125975943009,40.4874024056991,499,441,85.36527955684447,79.44006089864476,6,12,5,2,1,0,3,5,2,5,Generated
29,2023-12-01,Criciúma,EC Vitória,1,0,11,14,3,6,8,8,59.53009784941953,40.46990215058047,518,401,76.08285451125116,77.77489574038354,8,11,1,3,0,0,2,7,4,2,Generated
30,2023-12-08,Grêmio,Internacional,0,1,12,13,2,2,10,11,49.52051327208645,50.47948672791355,474,473,77.82765607391882,83.4699176337745,18,15,1,3,0,1,3,8,1,0,Generated
30,2023-12-08,Cruzeiro,Bahia,1,1,19,25,8,8,11,17,50.50243405866052,49.49756594133948,470,423,78.6577970372181,84.02786125617303,12,13,3,1,0,0,6,3,3,3,Generated
30,2023-12-08,Flamengo,Juventude,2,1,17,7,6,2,11,5,59.63343963712681,40.36656036287319,581,375,87.57440905561708,70.54202338487929,7,17,0,2,0,1,8,7,3,4,Generated
30,2023-12-08,Palmeiras,Corinthians,4,2,22,14,10,5,12,9,56.22877307217081,43.77122692782919,556,425,82.97291758835269,83.27374533141364,16,13,3,2,0,0,5,0,2,4,Generated
30,2023-12-08,Fortaleza,Atlético-GO,0,2,21,17,5,5,16,12,64.75727487887828,35.24272512112172,428,403,84.43061472402765,74.45222279492202,13,13,2,3,0,0,4,6,3,0,Generated
30,2023-12-08,Fluminense,Botafogo,2,2,18,9,8,3,10,6,56.84346585097373,43.15653414902627,480,443,72.16436592437657,85.06218861257422,16,7,1,2,0,0,5,3,2,2,Generated
30,2023-12-08,EC Vitória,Bragantino,3,0,11,12,4,3,7,9,69.42842070942181,30.571579290578185,486,400,70.87455737554588,75.41890108628108,9,12,2,6,0,0,6,5,5,6,Generated
30,2023-12-08,Criciúma,Vasco da Gama,1,2,14,10,5,2,9,8,42.12066677257352,57.87933322742648,468,422,77.62389730432646,87.27013811255911,17,9,3,1,0,0,2,6,1,6,Generated
30,2023-12-08,Cuiabá,Atlético-PR,1,0,9,17,2,4,7,13,49.05971469890429,50.94028530109571,482,392,70.02573639852413,70.77759343083915,13,4,0,5,0,0,5,3,2,3,Generated
30,2023-12-08,São Paulo,Atlético-MG,1,0,18,18,4,4,14,14,33.823589947170944,66.17641005282906,543,498,73.6035900235446,89.14264808356499,22,13,0,0,0,0,4,8,1,1,Generated
31,2023-12-15,Grêmio,Juventude,2,0,12,14,2,4,10,10,54.51903791534421,45.48096208465579,441,402,83.04253368791798,75.47374311773187,12,9,2,7,0,0,7,5,2,2,Generated
31,2023-12-15,Atlético-PR,Atlético-MG,0,1,11,13,4,5,7,8,42.08068388243486,57.91931611756514,459,481,87.18214219446669,79.85734115657465,14,9,4,3,0,0,5,7,3,1,Generated
31,2023-12-15,Cuiabá,Flamengo,0,4,14,9,5,2,9,7,43.7183326574236,56.2816673425764,516,503,72.31850798090099,85.77378860966549,10,10,1,1,0,0,7,5,0,0,Generated
31,2023-12-15,EC Vitória,Atlético-GO,1,1,13,11,5,3,8,8,31.453727221812727,68.54627277818727,481,419,83.9762265348357,76.40904363009179,15,11,1,2,0,2,3,5,2,4,Generated
31,2023-12-15,Fluminense,Corinthians,2,1,25,8,8,3,17,5,33.33642995323087,66.66357004676914,496,430,74.73446148217789,81.18694353699239,6,15,4,0,0,0,7,5,3,3,Generated
31,2023-12-15,Bragantino,Palmeiras,1,1,15,10,4,2,11,8,42.44531764482575,57.55468235517425,524,482,73.01538000775476,70.99387917025763,13,9,1,4,0,0,8,6,2,1,Generated
31,2023-12-15,Vasco da Gama,Internacional,1,2,18,18,4,7,14,11,55.15109559046511,44.84890440953489,521,466,88.59541056289117,74.8058593280089,14,9,3,1,0,0,4,5,1,2,Generated
31,2023-12-15,Bahia,São Paulo,2,2,13,18,3,5,10,13,51.453422692024546,48.546577307975454,492,476,80.46049164576657,70.33667187391951,17,13,1,3,0,0,5,7,1,1,Generated
31,2023-12-15,Botafogo,Criciúma,2,0,15,11,5,4,10,7,39.76690712442316,60.23309287557684,495,417,82.63181060106356,75.07922340885486,16,10,1,3,0,0,5,5,1,2,Generated
31,2023-12-15,Fortaleza,Cruzeiro,2,1,15,13,4,4,11,9,57.045766847871235,42.954233152128765,511,430,88.77004833416804,71.71712587219687,11,15,2,1,0,0,5,3,1,2,Generated
32,2023-12-22,Flamengo,Atlético-GO,3,0,20,11,5,4,15,7,55.80310068935499,44.19689931064501,517,374,79.79667613677518,85.1853861886531,14,16,2,5,0,0,2,2,3,3,Generated
32,2023-12-22,Corinthians,Vasco da Gama,2,4,17,6,4,1,13,5,46.60486418119302,53.39513581880698,509,404,76.34947057640065,83.08610647934941,8,12,3,2,0,0,3,6,1,4,Generated
32,2023-12-22,Atlético-PR,Bragantino,1,2,15,7,4,3,11,4,55.92633632239108,44.07366367760892,487,404,87.97930395252058,82.63472590483526,11,12,3,2,0,0,4,3,1,5,Generated
32,2023-12-22,Juventude,Cruzeiro,0,0,11,16,4,4,7,12,69.49839893170184,30.501601068298157,463,394,75.30712974123213,73.24822478835982,17,17,1,4,0,0,6,5,0,1,Generated
32,2023-12-22,Bahia,Palmeiras,3,0,19,23,8,8,11,15,58.94633093386605,41.05366906613395,467,495,84.83254960502742,87.06067668921537,7,14,1,2,0,0,4,4,4,1,Generated
32,2023-12-22,São Paulo,Botafogo,2,0,21,10,5,4,16,6,44.7395823731439,55.2604176268561,531,424,85.16800077817072,87.11543652670164,13,12,1,1,0,0,4,2,6,2,Generated
32,2023-12-22,Atlético-MG,Internacional,1,2,22,18,6,7,16,11,54.158792422391336,45.841207577608664,560,472,84.47434204079744,87.87233873791152,14,12,3,0,0,0,3,6,1,3,Generated
32,2023-12-22,Grêmio,Cuiabá,2,2,21,12,4,3,17,9,64.93380345560563,35.06619654439437,500,414,75.69378532934861,70.61517188500977,18,6,5,2,0,0,6,6,1,2,Generated
32,2023-12-22,EC Vitória,Fortaleza,1,0,19,16,8,5,11,11,49.83406164135776,50.16593835864224,469,391,73.41695543567383,77.0553480010499,14,10,2,3,1,0,5,6,0,1,Generated
32,2023-12-22,Criciúma,Fluminense,2,3,10,20,4,6,6,14,51.31553072851805,48.68446927148195,488,383,73.46052962435691,84.19953470928556,13,8,2,2,0,0,5,6,1,2,Generated
33,2023-13-01,Internacional,Fortaleza,2,0,25,15,9,3,16,12,46.50228404729423,53.49771595270577,582,416,79.06903694980619,87.93715590054225,10,12,2,3,0,0,4,1,0,4,Generated
33,2023-13-01,Vasco da Gama,Corinthians,0,2,14,11,4,2,10,9,33.45021623443779,66.54978376556221,474,423,80.13145184046408,83.68381284174517,11,13,0,4,2,0,5,5,4,0,Generated
33,2023-13-01,Flamengo,Atlético-MG,2,4,13,6,5,2,8,4,40.38765237121879,59.61234762878121,569,498,79.48708574867604,75.67920246900601,13,14,1,4,0,0,4,10,2,2,Generated
33,2023-13-01,Cuiabá,Botafogo,0,2,20,8,6,2,14,6,47.950282673164466,52.049717326835534,415,387,86.67516080661468,89.17875573014354,14,11,1,4,1,0,6,4,1,1,Generated
33,2023-13-01,São Paulo,Bahia,0,0,23,10,4,4,19,6,32.818290681198974,67.18170931880103,568,440,89.72930555204778,80.22111730454533,20,19,0,2,0,1,6,10,0,1,Generated
33,2023-13-01,Criciúma,EC Vitória,2,1,7,17,2,7,5,10,32.68666959036262,67.31333040963739,437,417,89.22174623333764,87.75282057919193,19,9,1,1,0,0,5,4,2,0,Generated
33,2023-13-01,Cruzeiro,Grêmio,1,3,16,9,7,2,9,7,69.68405090381368,30.315949096186316,515,405,84.34765694159594,74.43431131032244,9,10,1,4,0,0,4,9,3,1,Generated
33,2023-13-01,Atlético-PR,Palmeiras,1,0,15,22,5,6,10,16,42.71871262941262,57.28128737058738,469,549,89.72221249240683,88.07083977352258,18,9,2,2,0,0,5,6,2,2,Generated
33,2023-13-01,Fluminense,Juventude,2,0,13,14,2,5,11,9,48.050643346918555,51.949356653081445,504,414,81.19529128237099,73.55175255114298,8,12,1,4,0,0,8,3,0,3,Generated
33,2023-13-01,Atlético-GO,Bragantino,0,1,13,7,3,1,10,6,45.306346299275035,54.693653700724965,416,394,76.47564427395704,79.87386173410806,12,10,3,3,0,0,6,4,3,3,Generated
34,2023-13-08,EC Vitória,Juventude,1,0,11,12,5,4,6,8,64.48696265996057,35.51303734003943,529,406,73.48620040527564,76.09115789870421,10,14,2,1,0,0,3,6,0,3,Generated
34,2023-13-08,Cruzeiro,Palmeiras,0,2,17,11,3,3,14,8,58.49255275342379,41.50744724657621,467,469,82.63677449860363,75.33262803646626,14,12,2,1,1,0,6,6,2,2,Generated
34,2023-13-08,São Paulo,Atlético-MG,7,1,16,17,5,6,11,11,68.34263062867255,31.657369371327448,578,468,86.11239769196938,74.99647880629735,10,3,1,1,0,0,4,7,4,4,Generated
34,2023-13-08,Atlético-GO,Cuiabá,0,1,13,11,2,2,11,9,39.1219709643117,60.8780290356883,456,378,81.54153618261668,78.22983239311591,9,19,2,2,0,0,4,5,3,0,Generated
34,2023-13-08,Botafogo,Bahia,1,0,12,15,4,7,8,8,64.79852607114393,35.201473928856075,452,399,86.60468951791735,77.43403047874897,10,9,1,3,0,0,5,2,3,1,Generated
34,2023-13-08,Fluminense,Internacional,0,0,11,18,3,8,8,10,56.6615863777984,43.3384136222016,519,460,88.54179016295652,83.1497683960957,17,13,2,0,1,0,2,5,2,0,Generated
34,2023-13-08,Fortaleza,Criciúma,4,1,19,15,4,4,15,11,34.254915587510695,65.7450844124893,500,394,81.96121587775237,75.65245968235489,10,13,3,2,0,0,10,5,3,2,Generated
34,2023-13-08,Flamengo,Vasco da Gama,2,4,17,13,4,3,13,10,31.665035699038416,68.33496430096159,556,390,84.14290259381858,84.45632908230121,13,15,3,2,0,0,3,6,1,1,Generated
34,2023-13-08,Corinthians,Grêmio,4,0,12,12,5,3,7,9,37.29722055392768,62.70277944607232,492,416,71.3857616675434,80.85569207821217,8,15,1,4,0,0,6,5,1,4,Generated
34,2023-13-08,Bragantino,Atlético-PR,2,0,15,14,3,6,12,8,48.31312337265442,51.68687662734558,469,438,78.63656177612407,79.85560431285171,7,14,0,3,0,0,7,4,1,3,Generated
35,2023-13-15,Atlético-PR,Atlético-GO,2,2,11,15,4,6,7,9,55.71854689901316,44.28145310098684,533,395,82.38727576754683,74.45918005390207,12,9,2,4,1,0,1,3,1,1,Generated
35,2023-13-15,Bragantino,Flamengo,3,1,13,20,5,7,8,13,57.19394108583447,42.80605891416553,485,475,88.3795852308294,80.95345312518631,11,16,2,3,0,0,6,6,1,2,Generated
35,2023-13-15,Botafogo,São Paulo,2,2,18,21,5,6,13,15,31.292543026764392,68.70745697323561,481,482,88.0243846389832,71.86650391268647,16,16,0,2,0,0,1,6,3,3,Generated
35,2023-13-15,Grêmio,Atlético-MG,1,0,12,17,5,4,7,13,36.68727807475254,63.31272192524746,490,490,70.46289506956427,84.90382604874708,14,14,1,2,0,1,3,5,1,1,Generated
35,2023-13-15,Fortaleza,Vasco da Gama,0,1,19,23,8,8,11,15,69.04786024751596,30.952139752484044,477,372,75.44912983932247,71.48490551319145,10,7,0,0,0,1,5,11,3,1,Generated
35,2023-13-15,Fluminense,Criciúma,0,1,14,13,3,2,11,11,33.502738963206895,66.4972610367931,508,377,81.67539598742445,89.85995539640237,7,15,2,1,0,0,4,9,1,1,Generated
35,2023-13-15,Internacional,Palmeiras,4,0,14,12,2,5,12,7,64.32329483902129,35.67670516097871,582,511,75.22513611846102,86.36250479566655,14,9,3,1,0,0,6,8,3,0,Generated
35,2023-13-15,Juventude,Cuiabá,2,0,13,7,4,2,9,5,67.36907333104696,32.63092666895304,424,381,71.42292150066902,77.7918983516883,18,10,1,0,0,1,3,1,2,2,Generated
35,2023-13-15,Bahia,Corinthians,1,2,9,10,4,3,5,7,30.178661649069202,69.8213383509308,495,379,84.11882341050224,87.95964417341406,11,14,2,2,0,0,6,3,3,5,Generated
35,2023-13-15,EC Vitória,Cruzeiro,3,2,13,13,3,4,10,9,32.376070129431284,67.62392987056872,467,368,73.49932018802312,86.28272034894778,10,11,2,8,0,0,7,11,1,4,Generated
36,2023-13-22,Cuiabá,São Paulo,2,1,16,16,3,7,13,9,60.22677667454923,39.77322332545077,463,491,86.65215696980319,71.04574436212678,19,11,0,2,0,0,6,5,3,1,Generated
36,2023-13-22,Atlético-PR,Palmeiras,0,2,11,11,3,4,8,7,51.351201090702304,48.648798909297696,504,471,84.89934032291274,74.18643720532819,10,8,1,5,0,0,6,6,4,2,Generated
36,2023-13-22,Botafogo,Internacional,1,1,14,11,4,4,10,7,56.6774882958091,43.3225117041909,487,475,82.64885930379921,78.28158128428589,9,11,0,3,0,1,4,7,1,2,Generated
36,2023-13-22,Criciúma,Bahia,1,2,19,13,9,6,10,7,46.342920329608006,53.657079670391994,509,391,71.90127269823918,70.19814121077924,15,12,2,1,0,0,6,5,3,2,Generated
36,2023-13-22,Atlético-GO,Fluminense,0,0,16,11,5,3,11,8,47.60827465661753,52.39172534338247,487,396,85.37486565653833,73.17249336143125,11,13,1,1,0,0,4,4,1,4,Generated
36,2023-13-22,Grêmio,Atlético-MG,1,4,12,14,3,6,9,8,62.78254502148732,37.21745497851268,466,481,76.36364137111603,83.67860051992142,9,6,2,1,1,1,4,12,4,1,Generated
36,2023-13-22,EC Vitória,Flamengo,2,1,12,14,2,5,10,9,48.44123681682113,51.55876318317887,484,498,87.38234166074675,72.22198899626655,7,7,0,1,0,0,4,2,0,1,Generated
36,2023-13-22,Bragantino,Juventude,2,1,24,15,11,4,13,11,40.182294061450754,59.817705938549246,467,414,74.14359131257596,72.30407837616985,9,11,5,3,0,1,4,2,1,2,Generated
36,2023-13-22,Cruzeiro,Vasco da Gama,2,0,14,15,3,6,11,9,43.275417828489545,56.724582171510455,482,393,89.66057435258699,78.8672963371738,8,10,4,2,0,0,1,2,3,0,Generated
36,2023-13-22,Fortaleza,Corinthians,2,0,12,10,3,2,9,8,45.838022836894055,54.161977163105945,500,373,71.99404049749134,71.51780243231516,13,12,1,2,2,0,4,9,2,3,Generated
37,2023-14-01,Fluminense,Corinthians,0,1,20,15,8,3,12,12,47.88121520494348,52.11878479505652,539,409,83.97048859590839,82.88107614979499,8,13,0,3,0,0,4,4,4,2,Generated
37,2023-14-01,Cruzeiro,EC Vitória,2,1,19,12,5,4,14,8,43.04238820224573,56.95761179775427,512,379,89.50590405580462,74.33812864084253,15,16,2,1,0,2,5,5,0,0,Generated
37,2023-14-01,Atlético-GO,Grêmio,0,2,17,12,7,4,10,8,39.745656662776945,60.254343337223055,500,420,73.53104434351737,79.64717120047703,16,17,3,0,1,0,4,6,2,1,Generated
37,2023-14-01,Vasco da Gama,Flamengo,1,1,16,18,7,5,9,13,45.42368389358535,54.57631610641465,489,479,81.58826575549577,70.73772631766273,10,20,0,1,0,0,4,7,3,1,Generated
37,2023-14-01,Criciúma,Palmeiras,1,4,19,20,6,6,13,14,44.48087117002879,55.51912882997121,482,468,78.94207081538427,76.854064600351,8,9,2,2,0,0,5,7,1,2,Generated
37,2023-14-01,Atlético-MG,Botafogo,0,0,20,14,5,6,15,8,64.75507988907046,35.24492011092954,554,403,72.33766282598653,78.21227952217315,14,15,2,3,0,0,7,2,1,4,Generated
37,2023-14-01,Juventude,Cuiabá,4,1,21,13,8,3,13,10,67.19622100839982,32.80377899160018,467,420,78.02478673925422,81.24585392623413,6,17,1,4,0,0,3,4,1,0,Generated
37,2023-14-01,Fortaleza,Bahia,3,1,15,22,7,6,8,16,30.420000537925734,69.57999946207427,494,409,72.53286687734196,78.44892292879855,9,11,1,3,0,0,5,3,3,5,Generated
37,2023-14-01,São Paulo,Atlético-PR,4,0,19,4,5,1,14,3,54.42191232840109,45.57808767159891,549,404,75.33239888648548,70.59026263799855,13,18,2,2,0,0,9,5,2,3,Generated
37,2023-14-01,Bragantino,Internacional,5,3,23,15,8,3,15,12,44.7522257459608,55.2477742540392,490,489,89.01088812829296,77.66788199443573,7,7,3,1,0,0,2,7,5,1,Generated
38,2023-14-08,Vasco da Gama,Atlético-MG,2,1,8,18,2,6,6,12,69.79500501166763,30.204994988332373,504,515,78.43009689617843,82.53203125310712,9,7,1,2,1,1,8,3,2,0,Generated
38,2023-14-08,Botafogo,Palmeiras,0,2,18,13,8,4,10,9,36.41247757112362,63.58752242887638,495,510,88.33299281612537,76.29875594243542,4,13,2,2,0,1,4,13,2,1,Generated
38,2023-14-08,Bahia,EC Vitória,1,0,16,8,4,3,12,5,64.22852819828081,35.77147180171919,503,451,83.71821740581109,77.49932503468149,10,8,2,2,0,0,8,6,2,2,Generated
38,2023-14-08,Internacional,Fortaleza,1,0,12,17,3,7,9,10,53.063762356135406,46.936237643864594,552,429,84.54542135527544,75.4094740464593,11,9,1,3,0,0,4,6,1,0,Generated
38,2023-14-08,Atlético-GO,Criciúma,0,4,14,8,6,3,8,5,55.04980891484425,44.95019108515575,483,428,86.67839913381755,84.89482648280489,11,15,2,4,0,0,6,7,1,1,Generated
38,2023-14-08,Flamengo,Bragantino,1,1,20,11,9,2,11,9,48.23353729642419,51.76646270357581,599,374,81.35543410576882,84.68378905724884,15,19,2,3,1,0,3,4,1,4,Generated
38,2023-14-08,Corinthians,Fluminense,1,0,12,14,2,4,10,10,57.734794106914116,42.265205893085884,467,375,83.49576935626088,75.56019782816433,11,10,2,1,0,0,6,8,1,3,Generated
38,2023-14-08,São Paulo,Atlético-PR,1,0,13,6,3,2,10,4,66.89948608001724,33.10051391998276,551,414,77.90977039914726,78.71099366885701,11,7,2,2,0,0,6,4,3,4,Generated
38,2023-14-08,Juventude,Cuiabá,3,0,17,10,3,4,14,6,61.42891573568287,38.57108426431713,480,411,71.12282517014006,73.68037351393012,14,18,0,1,0,1,7,4,1,2,Generated
38,2023-14-08,Grêmio,Cruzeiro,2,1,12,11,4,4,8,7,45.03064755607838,54.96935244392162,449,409,80.70901130802328,88.97968762904945,12,20,1,0,0,0,4,6,5,6,Generated
